{"cameraMode":{"drawMode":0,"name":"Shaded","section":"Shading Mode"},"sceneLighting":false,"audioPlay":false,"sceneViewState":{"showFog":true,"showMaterialUpdate":true,"showSkybox":true,"showFlares":true,"showImageEffects":true,"showParticleSystems":true},"in2DMode":false,"pivot":{"x":0.9951804876327515,"y":0.8885166645050049,"z":0.11249041557312012},"rotation":{"x":-0.5898166298866272,"y":-0.010900893248617649,"z":-0.007963008247315884,"w":0.8074244260787964},"size":3.7578837871551515,"orthographic":false}