{"cameraMode":{"drawMode":0,"name":"Shaded","section":"Shading Mode"},"sceneLighting":false,"audioPlay":false,"sceneViewState":{"showFog":true,"showMaterialUpdate":true,"showSkybox":true,"showFlares":true,"showImageEffects":true,"showParticleSystems":true},"in2DMode":false,"pivot":{"x":-263.87786865234377,"y":180.51318359375,"z":574.6227416992188},"rotation":{"x":0.23861432075500489,"y":0.5606686472892761,"z":-0.1728830337524414,"w":0.7738381028175354},"size":1006.2343139648438,"orthographic":false}