{"cameraMode":{"drawMode":0,"name":"Shaded","section":"Shading Mode"},"sceneLighting":false,"audioPlay":false,"sceneViewState":{"showFog":true,"showMaterialUpdate":true,"showSkybox":true,"showFlares":true,"showImageEffects":true,"showParticleSystems":true},"in2DMode":false,"pivot":{"x":6.289613723754883,"y":0.6763307452201843,"z":0.0},"rotation":{"x":-0.035933781415224078,"y":0.056932367384433749,"z":0.0020504745189100506,"w":0.9977290630340576},"size":37.92257308959961,"orthographic":true}