{"cameraMode":{"drawMode":0,"name":"Shaded","section":"Shading Mode"},"sceneLighting":false,"audioPlay":false,"sceneViewState":{"showFog":true,"showMaterialUpdate":true,"showSkybox":true,"showFlares":true,"showImageEffects":true,"showParticleSystems":true},"in2DMode":false,"pivot":{"x":31.046875,"y":-5.534084320068359,"z":1.4319614171981812},"rotation":{"x":0.141509547829628,"y":0.36695295572280886,"z":-0.05658600479364395,"w":0.9176702499389648},"size":34.14522171020508,"orthographic":true}