{"cameraMode":{"drawMode":0,"name":"Shaded","section":"Shading Mode"},"sceneLighting":false,"audioPlay":false,"sceneViewState":{"showFog":true,"showMaterialUpdate":true,"showSkybox":true,"showFlares":true,"showImageEffects":true,"showParticleSystems":true},"in2DMode":false,"pivot":{"x":1.8093559741973878,"y":-1.1946148872375489,"z":12.943557739257813},"rotation":{"x":0.14094842970371247,"y":0.18593361973762513,"z":-0.026960913091897966,"w":0.9720264077186585},"size":15.385404586791993,"orthographic":false}