{"cameraMode":{"drawMode":0,"name":"Shaded","section":"Shading Mode"},"sceneLighting":false,"audioPlay":false,"sceneViewState":{"showFog":true,"showMaterialUpdate":true,"showSkybox":true,"showFlares":true,"showImageEffects":true,"showParticleSystems":true},"in2DMode":false,"pivot":{"x":-2.2544193267822267,"y":0.618488073348999,"z":2.310736656188965},"rotation":{"x":0.7478526830673218,"y":-0.05251043289899826,"z":0.0595783106982708,"w":0.65909743309021},"size":2.410896062850952,"orthographic":false}