{"cameraMode":{"drawMode":0,"name":"Shaded","section":"Shading Mode"},"sceneLighting":false,"audioPlay":false,"sceneViewState":{"showFog":true,"showMaterialUpdate":true,"showSkybox":true,"showFlares":true,"showImageEffects":true,"showParticleSystems":true},"in2DMode":false,"pivot":{"x":1.3739821910858155,"y":0.03404141962528229,"z":4.2197265625},"rotation":{"x":0.08977522701025009,"y":-0.04778692498803139,"z":0.004314075689762831,"w":0.994805634021759},"size":8.181768417358399,"orthographic":true}