{"cameraMode":{"drawMode":0,"name":"Shaded","section":"Shading Mode"},"sceneLighting":false,"audioPlay":false,"sceneViewState":{"showFog":true,"showMaterialUpdate":true,"showSkybox":true,"showFlares":true,"showImageEffects":true,"showParticleSystems":true},"in2DMode":false,"pivot":{"x":17.813945770263673,"y":12.753705024719239,"z":6.872690200805664},"rotation":{"x":0.08091006428003311,"y":-0.005980330519378185,"z":0.0004854820726905018,"w":0.9967033863067627},"size":35.72358322143555,"orthographic":false}