{"cameraMode":{"drawMode":0,"name":"Shaded","section":"Shading Mode"},"sceneLighting":false,"audioPlay":false,"sceneViewState":{"showFog":true,"showMaterialUpdate":true,"showSkybox":true,"showFlares":true,"showImageEffects":true,"showParticleSystems":true},"in2DMode":false,"pivot":{"x":-0.706084132194519,"y":-0.041992127895355228,"z":0.5222117900848389},"rotation":{"x":0.10169007629156113,"y":0.24073801934719087,"z":-0.025370808318257333,"w":0.964914858341217},"size":2.8578836917877199,"orthographic":false}